operation,completed,sources,active,history,packed,writers,readers,experiment,samples,successes,errors,median_ms,min_ms,max_ms,median_allocated_bytes,failure_ms,error_messages
cycle-all,10,1,1,0,False,0,0,active-all,3,3,0,1361.056916,1354.886,1389.512542,17283664,,
cycle-all,100,1,1,0,False,0,0,active-all,1,0,1,,,,,10000.303,"git for-each-ref: context deadline exceeded
signal: killed: "
observe,100,1,10,0,False,0,0,active-ten,3,3,0,2840.769959,2801.319041,2903.594375,190763440,,
observe,100,100,10,0,False,0,0,active-ten,3,3,0,27565.887875,27112.998833,27663.538375,270982824,,
read,100,100,1,0,False,1,1,contention-1,10,10,0,30.5373745,28.743125,33.522834,2653300.0,,
edit,100,100,1,0,False,1,1,contention-1,10,10,0,853.623834,833.484625,910.988167,7636540.0,,
read,1000,1000,1,0,False,2,1,contention-1000,4,4,0,62.824938,51.691958,65.037125,22217748.0,,
edit,1000,1000,1,0,False,2,1,contention-1000,8,4,4,8398.1168335,8380.48125,8505.442375,72051540.0,5001.148;5001.306;5001.074;5001.066,ledger: timed out waiting for writer lock: /private/var/folders/l6/xhprvp0x6_q4239mpj1zp3_40000gn/T/dockhand-ledgerperf-4030984868/ledger.lock: context deadline exceeded
read,100,100,1,0,False,2,1,contention-2,10,10,0,29.765271,27.82475,31.960667,2658528.0,,
edit,100,100,1,0,False,2,1,contention-2,20,19,1,892.408458,822.205042,4515.9225,7638416,5001.172,ledger: timed out waiting for writer lock: /private/var/folders/l6/xhprvp0x6_q4239mpj1zp3_40000gn/T/dockhand-ledgerperf-1578738376/ledger.lock: context deadline exceeded
read,100,100,1,0,False,4,1,contention-4,10,10,0,39.433458,31.81675,61.705083,2657568.0,,
edit,100,100,1,0,False,4,1,contention-4,40,31,9,914.300708,851.116625,5320.706666,7644624,5000.420;5000.532;5000.746;5000.382;5001.057;5000.370;5000.911;5000.706;5001.098,ledger: timed out waiting for writer lock: /private/var/folders/l6/xhprvp0x6_q4239mpj1zp3_40000gn/T/dockhand-ledgerperf-1223438321/ledger.lock: context deadline exceeded
read,100,100,1,0,False,4,1,diagnostic-contention,5,5,0,36.380125,30.536292,38.749,2660920,,
edit,100,100,1,0,False,4,1,diagnostic-contention,20,17,3,878.819375,851.719458,5334.023666,7668704,5001.113;5001.135;5001.064,ledger: timed out waiting for writer lock: /private/var/folders/l6/xhprvp0x6_q4239mpj1zp3_40000gn/T/dockhand-ledgerperf-1176330844/ledger.lock: context deadline exceeded
noop,1000,1000,1,0,False,0,0,diagnostic-distinct,1,1,0,7904.908542,7904.908542,7904.908542,87889328,,
edit,1000,1000,1,0,False,0,0,diagnostic-distinct,1,1,0,8291.681875,8291.681875,8291.681875,72089632,,
observe,1000,1000,1,0,False,0,0,diagnostic-distinct,1,1,0,33023.569917,33023.569917,33023.569917,386598360,,
cycle-all,10,1,0,0,False,0,0,diagnostic-idle,1,1,0,1162.58375,1162.58375,1162.58375,15899888,,
cycle-all,10,10,0,0,False,0,0,diagnostic-idle,1,1,0,2623.229208,2623.229208,2623.229208,20102048,,
read,1000,1,1,0,False,0,0,diagnostic-shared,1,1,0,51.773084,51.773084,51.773084,21938896,,
noop,1000,1,1,0,False,0,0,diagnostic-shared,1,1,0,103.383375,103.383375,103.383375,48413120,,
edit,1000,1,1,0,False,0,0,diagnostic-shared,1,1,0,156.3025,156.3025,156.3025,48493296,,
observe,1000,1,1,0,False,0,0,diagnostic-shared,1,1,0,669.358333,669.358333,669.358333,259997656,,
complete,1000,1,1,0,False,0,0,diagnostic-shared,1,1,0,894.801375,894.801375,894.801375,358985824,,
growth-edit,10,1,1,0,False,0,0,growth-10,100,100,0,98.653291,91.025166,124.897,801952.0,,
growth-edit,1000,1,1,0,False,0,0,growth-1000,100,100,0,154.356312,140.610959,278.491792,48480124.0,,
read,100,1,1,1000,False,0,0,history-1000,5,5,0,29.347209,28.658542,29.759958,2636336,,
noop,100,1,1,1000,False,0,0,history-1000,5,5,0,53.855,52.804042,56.7905,5230288,,
edit,100,1,1,1000,False,0,0,history-1000,5,5,0,98.410458,95.76425,99.251833,5317928,,
read,100,1,1,10000,True,0,0,history-10000-packed,5,5,0,30.219167,29.992125,31.486417,2631656,,
noop,100,1,1,10000,True,0,0,history-10000-packed,5,5,0,54.918125,54.611583,59.637041,5229272,,
edit,100,1,1,10000,True,0,0,history-10000-packed,5,5,0,99.241167,97.704083,101.446625,5314624,,
read,100,1,1,10000,False,0,0,history-10000,5,5,0,30.659916,29.074542,30.921791,2638984,,
noop,100,1,1,10000,False,0,0,history-10000,5,5,0,53.687042,52.742041,58.860916,5227672,,
edit,100,1,1,10000,False,0,0,history-10000,5,5,0,99.056375,95.659084,100.008125,5318168,,
cycle-all,10,10,0,0,False,0,0,idle-distinct,3,3,0,2566.184208,2501.302625,2644.165542,20132384,,
cycle-all,100,100,0,0,False,0,0,idle-distinct,1,0,1,,,,,10000.408,"git rev-parse: context deadline exceeded
signal: killed: "
cycle-all,100,1,0,0,False,0,0,idle-shared-100-complete,3,3,0,11605.317833,11400.275375,11677.124083,1059062632,,
cycle-all,10,1,0,0,False,0,0,idle-shared,3,3,0,1134.383458,1130.678958,1179.837042,15171296,,
cycle-all,100,1,0,0,False,0,0,idle-shared,1,0,1,,,,,10001.558,"git rev-parse: context deadline exceeded
signal: killed: "
cycle-all,1000,1,0,0,False,0,0,idle-shared,1,0,1,,,,,10000.640,"git rev-parse: context deadline exceeded
signal: killed: "
cycle-all,10000,1,0,0,False,0,0,idle-shared,1,0,1,,,,,10001.012,"git rev-parse: context deadline exceeded
signal: killed: "
read,10,10,1,0,False,0,0,ledger-distinct,3,3,0,37.912333,31.350708,74.514166,397384,,
noop,10,10,1,0,False,0,0,ledger-distinct,3,3,0,128.400792,126.523334,133.141042,937880,,
edit,10,10,1,0,False,0,0,ledger-distinct,3,3,0,183.818334,169.081542,204.130417,1026312,,
new-revision,10,10,1,0,False,0,0,ledger-distinct,3,3,0,178.547959,172.102875,195.931334,1050392,,
read,100,100,1,0,False,0,0,ledger-distinct,3,3,0,32.198792,31.922875,39.493792,2658928,,
noop,100,100,1,0,False,0,0,ledger-distinct,3,3,0,796.295375,770.122541,813.255042,7466256,,
edit,100,100,1,0,False,0,0,ledger-distinct,3,3,0,849.320584,841.29625,882.487833,7646536,,
new-revision,100,100,1,0,False,0,0,ledger-distinct,3,3,0,948.388459,942.496833,978.67125,7686720,,
read,1000,1000,1,0,False,0,0,ledger-distinct,3,3,0,50.904708,49.748625,51.172583,22211768,,
noop,1000,1000,1,0,False,0,0,ledger-distinct,3,3,0,8698.305291,7810.148792,8733.662666,71234320,,
edit,1000,1000,1,0,False,0,0,ledger-distinct,3,3,0,8580.04275,8368.978667,8661.29025,72494136,,
new-revision,1000,1000,1,0,False,0,0,ledger-distinct,3,3,0,8967.780459,8641.066917,9375.962125,72526952,,
read,10000,10000,1,0,False,0,0,ledger-distinct,3,3,0,246.629542,233.794334,256.489,184741080,,
noop,10000,10000,1,0,False,0,0,ledger-distinct,1,0,1,,,,,30001.550,"git rev-parse: context deadline exceeded
signal: killed: "
edit,10000,10000,1,0,False,0,0,ledger-distinct,1,0,1,,,,,30000.942,"git rev-parse: context deadline exceeded
context deadline exceeded: "
new-revision,10000,10000,1,0,False,0,0,ledger-distinct,1,0,1,,,,,30000.662,"git rev-parse: context deadline exceeded
signal: killed: "
read,10,1,1,0,False,0,0,ledger-shared,5,5,0,29.010959,28.248084,29.62725,396088,,
noop,10,1,1,0,False,0,0,ledger-shared,5,5,0,52.419542,50.041417,52.903417,733848,,
edit,10,1,1,0,False,0,0,ledger-shared,5,5,0,93.082,91.715625,112.043916,814728,,
new-revision,10,1,1,0,False,0,0,ledger-shared,5,5,0,104.334959,99.975208,112.599709,837768,,
status,10,1,1,0,False,0,0,ledger-shared,5,5,0,28.529833,28.180458,29.469625,438648,,
codec-encode,10,1,1,0,False,0,0,ledger-shared,5,5,0,0.103209,0.097708,0.268125,218744,,
codec-decode,10,1,1,0,False,0,0,ledger-shared,5,5,0,0.214292,0.174625,0.268709,190328,,
read,100,1,1,0,False,0,0,ledger-shared,5,5,0,30.75775,29.312,32.207958,2636288,,
noop,100,1,1,0,False,0,0,ledger-shared,5,5,0,55.702542,54.085041,57.633667,5230816,,
edit,100,1,1,0,False,0,0,ledger-shared,5,5,0,104.039417,96.668,114.229666,5320240,,
new-revision,100,1,1,0,False,0,0,ledger-shared,5,5,0,122.512375,109.352583,164.256792,5338504,,
status,100,1,1,0,False,0,0,ledger-shared,5,5,0,36.439208,34.826667,38.453583,3012616,,
codec-encode,100,1,1,0,False,0,0,ledger-shared,5,5,0,1.014041,0.699708,1.065709,2036440,,
codec-decode,100,1,1,0,False,0,0,ledger-shared,5,5,0,1.4165,1.289917,1.703833,1509032,,
read,1000,1,1,0,False,0,0,ledger-shared,5,5,0,57.945167,53.878291,62.02575,21927864,,
noop,1000,1,1,0,False,0,0,ledger-shared,5,5,0,95.965041,89.579625,98.957917,48407424,,
edit,1000,1,1,0,False,0,0,ledger-shared,5,5,0,168.151833,163.023625,171.809083,65299928,,
new-revision,1000,1,1,0,False,0,0,ledger-shared,5,5,0,170.976,159.190459,174.486292,65340600,,
status,1000,1,1,0,False,0,0,ledger-shared,5,5,0,54.531917,51.491333,55.576458,26041856,,
codec-encode,1000,1,1,0,False,0,0,ledger-shared,5,5,0,9.123583,8.796166,15.468625,21615232,,
codec-decode,1000,1,1,0,False,0,0,ledger-shared,5,5,0,15.060625,14.520833,16.135167,13462632,,
read,10000,1,1,0,False,0,0,ledger-shared,5,5,0,213.787209,208.409458,215.097291,181856048,,
noop,10000,1,1,0,False,0,0,ledger-shared,5,5,0,414.569208,409.506375,428.584,480993328,,
edit,10000,1,1,0,False,0,0,ledger-shared,5,5,0,630.640917,626.199459,666.283708,481085416,,
new-revision,10000,1,1,0,False,0,0,ledger-shared,5,5,0,555.470916,521.891,636.325,481106512,,
status,10000,1,1,0,False,0,0,ledger-shared,5,5,0,241.789542,231.833625,323.048125,235939048,,
codec-encode,10000,1,1,0,False,0,0,ledger-shared,5,5,0,85.643917,83.693083,87.508875,250099768,,
codec-decode,10000,1,1,0,False,0,0,ledger-shared,5,5,0,163.266209,145.8555,184.236792,114666312,,
read,1000,1000,1,0,True,0,0,sources-1000-packed,3,3,0,50.977542,50.463292,51.5445,22217392,,
noop,1000,1000,1,0,True,0,0,sources-1000-packed,3,3,0,7422.170333,7352.8125,7471.509917,70963520,,
edit,1000,1000,1,0,True,0,0,sources-1000-packed,3,3,0,8210.275792,7972.154209,8463.234875,72114904,,
submit,1000,1000,1,0,False,0,0,workflow-distinct-1000,1,1,0,7721.36975,7721.36975,7721.36975,72167296,,
observe,1000,1000,1,0,False,0,0,workflow-distinct-1000,1,1,0,30918.20325,30918.20325,30918.20325,386282288,,
complete,1000,1000,1,0,False,0,0,workflow-distinct-1000,1,1,0,38733.052959,38733.052959,38733.052959,442612880,,
submit,10,10,1,0,False,0,0,workflow-distinct,5,5,0,162.8305,159.062292,165.228,1028960,,
observe,10,10,1,0,False,0,0,workflow-distinct,5,5,0,643.628916,629.618875,649.324084,4945304,,
complete,10,10,1,0,False,0,0,workflow-distinct,5,5,0,848.663916,836.137584,855.138292,6050840,,
submit,100,100,1,0,False,0,0,workflow-distinct,5,5,0,833.192875,822.638125,841.504125,7652256,,
observe,100,100,1,0,False,0,0,workflow-distinct,5,5,0,3312.104167,3275.627792,3605.904875,38241832,,
complete,100,100,1,0,False,0,0,workflow-distinct,5,5,0,4228.652,4226.335833,4243.444042,46171992,,
submit,10,1,1,0,False,0,0,workflow-shared,3,3,0,94.443917,94.254,99.519875,819320,,
observe,10,1,1,0,False,0,0,workflow-shared,3,3,0,370.941208,366.866375,386.859416,4113984,,
complete,10,1,1,0,False,0,0,workflow-shared,3,3,0,582.213125,519.225875,653.185708,5144344,,
submit,100,1,1,0,False,0,0,workflow-shared,3,3,0,100.092375,98.726625,100.35475,5313384,,
observe,100,1,1,0,False,0,0,workflow-shared,3,3,0,405.503083,402.992917,408.111792,29032688,,
complete,100,1,1,0,False,0,0,workflow-shared,3,3,0,563.087375,561.258375,586.1165,34418696,,
submit,1000,1,1,0,False,0,0,workflow-shared,3,3,0,162.002916,153.05475,162.631333,65310752,,
observe,1000,1,1,0,False,0,0,workflow-shared,3,3,0,644.790166,622.500292,646.883042,276739792,,
complete,1000,1,1,0,False,0,0,workflow-shared,3,3,0,847.859458,823.890625,870.979917,342144984,,
submit,10000,1,1,0,False,0,0,workflow-shared,3,3,0,603.773833,602.779417,606.365,481068920,,
observe,10000,1,1,0,False,0,0,workflow-shared,3,3,0,2703.361167,2680.599791,2773.080125,3080980024,,
complete,10000,1,1,0,False,0,0,workflow-shared,3,3,0,3507.504042,3492.556,3647.298416,3562128856,,
