experiment,operation,completed,sources,worker,sample,error,phase,count,total_ms,min_ms,max_ms
diagnostic-contention,read,100,100,5,1,,git:for-each-ref,1,6.710416,6.710416,6.710416
diagnostic-contention,read,100,100,5,1,,git:cat-file,2,13.833625000000001,6.609708,7.223917
diagnostic-contention,read,100,100,5,1,,git:ls-tree,1,6.840667,6.840667,6.840667
diagnostic-contention,read,100,100,5,2,,git:for-each-ref,1,6.887834,6.887834,6.887834
diagnostic-contention,read,100,100,5,2,,git:cat-file,2,13.516083,5.696458,7.819625
diagnostic-contention,read,100,100,5,2,,git:ls-tree,1,5.813333,5.813333,5.813333
diagnostic-contention,read,100,100,5,3,,git:for-each-ref,1,6.07475,6.07475,6.07475
diagnostic-contention,read,100,100,5,3,,git:cat-file,2,14.089541,6.933958,7.155583
diagnostic-contention,read,100,100,5,3,,git:ls-tree,1,6.519291,6.519291,6.519291
diagnostic-contention,read,100,100,5,4,,git:for-each-ref,1,5.327459,5.327459,5.327459
diagnostic-contention,read,100,100,5,4,,git:cat-file,2,13.757708000000001,6.330166,7.427542
diagnostic-contention,read,100,100,5,4,,git:ls-tree,1,6.991291,6.991291,6.991291
diagnostic-contention,edit,100,100,2,1,,lock-wait,1,0.08675,0.08675,0.08675
diagnostic-contention,edit,100,100,2,1,,git:for-each-ref,2,15.857,6.498958,9.358042
diagnostic-contention,edit,100,100,2,1,,git:cat-file,4,25.736041,5.715125,7.292458
diagnostic-contention,edit,100,100,2,1,,git:ls-tree,1,6.755375,6.755375,6.755375
diagnostic-contention,edit,100,100,2,1,,read,1,29.095417,29.095417,29.095417
diagnostic-contention,edit,100,100,2,1,,encode-before,1,0.976166,0.976166,0.976166
diagnostic-contention,edit,100,100,2,1,,encode-after,1,0.501917,0.501917,0.501917
diagnostic-contention,edit,100,100,2,1,,pins,1,22.083166,22.083166,22.083166
diagnostic-contention,edit,100,100,2,1,,git:hash-object,1,13.441708,13.441708,13.441708
diagnostic-contention,edit,100,100,2,1,,git:mktree,1,6.409916,6.409916,6.409916
diagnostic-contention,edit,100,100,2,1,,git:commit-tree,1,10.10575,10.10575,10.10575
diagnostic-contention,edit,100,100,2,1,,git:update-ref,1,44.252875,44.252875,44.252875
diagnostic-contention,edit,100,100,2,1,,lock-held,1,127.197834,127.197834,127.197834
diagnostic-contention,read,100,100,5,5,,git:for-each-ref,1,8.250375,8.250375,8.250375
diagnostic-contention,read,100,100,5,5,,git:cat-file,2,15.497584,7.679,7.818584
diagnostic-contention,read,100,100,5,5,,git:ls-tree,1,7.004958,7.004958,7.004958
diagnostic-contention,edit,100,100,2,2,,lock-wait,1,0.069709,0.069709,0.069709
diagnostic-contention,edit,100,100,2,2,,git:for-each-ref,2,16.767041,6.201958,10.565083
diagnostic-contention,edit,100,100,2,2,,git:cat-file,4,27.873958,6.469333,7.527
diagnostic-contention,edit,100,100,2,2,,git:ls-tree,1,6.167208,6.167208,6.167208
diagnostic-contention,edit,100,100,2,2,,read,1,28.883042,28.883042,28.883042
diagnostic-contention,edit,100,100,2,2,,encode-before,1,0.920917,0.920917,0.920917
diagnostic-contention,edit,100,100,2,2,,encode-after,1,0.489917,0.489917,0.489917
diagnostic-contention,edit,100,100,2,2,,pins,1,24.531,24.531,24.531
diagnostic-contention,edit,100,100,2,2,,git:hash-object,1,13.600958,13.600958,13.600958
diagnostic-contention,edit,100,100,2,2,,git:mktree,1,7.366958,7.366958,7.366958
diagnostic-contention,edit,100,100,2,2,,git:commit-tree,1,11.74525,11.74525,11.74525
diagnostic-contention,edit,100,100,2,2,,git:update-ref,1,37.535417,37.535417,37.535417
diagnostic-contention,edit,100,100,2,2,,lock-held,1,125.445833,125.445833,125.445833
diagnostic-contention,edit,100,100,2,3,,lock-wait,1,0.058625,0.058625,0.058625
diagnostic-contention,edit,100,100,2,3,,git:for-each-ref,2,16.354792,6.680333,9.674459
diagnostic-contention,edit,100,100,2,3,,git:cat-file,4,27.008167,5.358,7.37775
diagnostic-contention,edit,100,100,2,3,,git:ls-tree,1,6.414708,6.414708,6.414708
diagnostic-contention,edit,100,100,2,3,,read,1,27.603083,27.603083,27.603083
diagnostic-contention,edit,100,100,2,3,,encode-before,1,0.956208,0.956208,0.956208
diagnostic-contention,edit,100,100,2,3,,encode-after,1,0.485459,0.485459,0.485459
diagnostic-contention,edit,100,100,2,3,,pins,1,24.731292,24.731292,24.731292
diagnostic-contention,edit,100,100,2,3,,git:hash-object,1,13.4805,13.4805,13.4805
diagnostic-contention,edit,100,100,2,3,,git:mktree,1,7.208625,7.208625,7.208625
diagnostic-contention,edit,100,100,2,3,,git:commit-tree,1,10.823542,10.823542,10.823542
diagnostic-contention,edit,100,100,2,3,,git:update-ref,1,39.696167,39.696167,39.696167
diagnostic-contention,edit,100,100,2,3,,lock-held,1,125.435375,125.435375,125.435375
diagnostic-contention,edit,100,100,2,4,,lock-wait,1,0.056458,0.056458,0.056458
diagnostic-contention,edit,100,100,2,4,,git:for-each-ref,2,16.212209,6.336959,9.87525
diagnostic-contention,edit,100,100,2,4,,git:cat-file,4,28.254624,6.795958,7.271
diagnostic-contention,edit,100,100,2,4,,git:ls-tree,1,6.685459,6.685459,6.685459
diagnostic-contention,edit,100,100,2,4,,read,1,28.521917,28.521917,28.521917
diagnostic-contention,edit,100,100,2,4,,encode-before,1,0.887708,0.887708,0.887708
diagnostic-contention,edit,100,100,2,4,,encode-after,1,0.482541,0.482541,0.482541
diagnostic-contention,edit,100,100,2,4,,pins,1,25.03375,25.03375,25.03375
diagnostic-contention,edit,100,100,2,4,,git:hash-object,1,12.896042,12.896042,12.896042
diagnostic-contention,edit,100,100,2,4,,git:mktree,1,6.905667,6.905667,6.905667
diagnostic-contention,edit,100,100,2,4,,git:commit-tree,1,11.034417,11.034417,11.034417
diagnostic-contention,edit,100,100,2,4,,git:update-ref,1,40.810167,40.810167,40.810167
diagnostic-contention,edit,100,100,2,4,,lock-held,1,127.03725,127.03725,127.03725
diagnostic-contention,edit,100,100,2,5,,lock-wait,1,0.058709,0.058709,0.058709
diagnostic-contention,edit,100,100,2,5,,git:for-each-ref,2,17.148457999999998,6.817375,10.331083
diagnostic-contention,edit,100,100,2,5,,git:cat-file,4,27.282166,6.451208,7.106375
diagnostic-contention,edit,100,100,2,5,,git:ls-tree,1,6.053708,6.053708,6.053708
diagnostic-contention,edit,100,100,2,5,,read,1,28.672583,28.672583,28.672583
diagnostic-contention,edit,100,100,2,5,,encode-before,1,1.321,1.321,1.321
diagnostic-contention,edit,100,100,2,5,,encode-after,1,0.50375,0.50375,0.50375
diagnostic-contention,edit,100,100,2,5,,pins,1,24.3625,24.3625,24.3625
diagnostic-contention,edit,100,100,2,5,,git:hash-object,1,14.056708,14.056708,14.056708
diagnostic-contention,edit,100,100,2,5,,git:mktree,1,7.9855,7.9855,7.9855
diagnostic-contention,edit,100,100,2,5,,git:commit-tree,1,11.309334,11.309334,11.309334
diagnostic-contention,edit,100,100,2,5,,git:update-ref,1,39.624,39.624,39.624
diagnostic-contention,edit,100,100,2,5,,lock-held,1,128.5605,128.5605,128.5605
diagnostic-contention,edit,100,100,3,1,,lock-wait,1,650.169958,650.169958,650.169958
diagnostic-contention,edit,100,100,3,1,,git:for-each-ref,2,17.227083999999998,7.577334,9.64975
diagnostic-contention,edit,100,100,3,1,,git:cat-file,4,29.650875,6.461792,9.012042
diagnostic-contention,edit,100,100,3,1,,git:ls-tree,1,7.023208,7.023208,7.023208
diagnostic-contention,edit,100,100,3,1,,read,1,32.218084,32.218084,32.218084
diagnostic-contention,edit,100,100,3,1,,encode-before,1,1.120166,1.120166,1.120166
diagnostic-contention,edit,100,100,3,1,,encode-after,1,0.547834,0.547834,0.547834
diagnostic-contention,edit,100,100,3,1,,pins,1,24.014125,24.014125,24.014125
diagnostic-contention,edit,100,100,3,1,,git:hash-object,1,12.68125,12.68125,12.68125
diagnostic-contention,edit,100,100,3,1,,git:mktree,1,7.39825,7.39825,7.39825
diagnostic-contention,edit,100,100,3,1,,git:commit-tree,1,10.846959,10.846959,10.846959
diagnostic-contention,edit,100,100,3,1,,git:update-ref,1,40.102334,40.102334,40.102334
diagnostic-contention,edit,100,100,3,1,,lock-held,1,129.336166,129.336166,129.336166
diagnostic-contention,edit,100,100,3,2,,lock-wait,1,0.051709,0.051709,0.051709
diagnostic-contention,edit,100,100,3,2,,git:for-each-ref,2,15.362834000000001,6.076584,9.28625
diagnostic-contention,edit,100,100,3,2,,git:cat-file,4,27.31721,6.395209,7.377917
diagnostic-contention,edit,100,100,3,2,,git:ls-tree,1,6.70925,6.70925,6.70925
diagnostic-contention,edit,100,100,3,2,,read,1,28.437125,28.437125,28.437125
diagnostic-contention,edit,100,100,3,2,,encode-before,1,0.815458,0.815458,0.815458
diagnostic-contention,edit,100,100,3,2,,encode-after,1,0.578333,0.578333,0.578333
diagnostic-contention,edit,100,100,3,2,,pins,1,23.3075,23.3075,23.3075
diagnostic-contention,edit,100,100,3,2,,git:hash-object,1,13.354167,13.354167,13.354167
diagnostic-contention,edit,100,100,3,2,,git:mktree,1,6.616875,6.616875,6.616875
diagnostic-contention,edit,100,100,3,2,,git:commit-tree,1,11.577625,11.577625,11.577625
diagnostic-contention,edit,100,100,3,2,,git:update-ref,1,41.735167,41.735167,41.735167
diagnostic-contention,edit,100,100,3,2,,lock-held,1,126.933416,126.933416,126.933416
diagnostic-contention,edit,100,100,3,3,,lock-wait,1,0.0585,0.0585,0.0585
diagnostic-contention,edit,100,100,3,3,,git:for-each-ref,2,16.537833,6.979541,9.558292
diagnostic-contention,edit,100,100,3,3,,git:cat-file,4,27.044083,6.172792,7.247583
diagnostic-contention,edit,100,100,3,3,,git:ls-tree,1,6.070334,6.070334,6.070334
diagnostic-contention,edit,100,100,3,3,,read,1,28.4015,28.4015,28.4015
diagnostic-contention,edit,100,100,3,3,,encode-before,1,0.94475,0.94475,0.94475
diagnostic-contention,edit,100,100,3,3,,encode-after,1,0.569208,0.569208,0.569208
diagnostic-contention,edit,100,100,3,3,,pins,1,23.790584,23.790584,23.790584
diagnostic-contention,edit,100,100,3,3,,git:hash-object,1,13.338417,13.338417,13.338417
diagnostic-contention,edit,100,100,3,3,,git:mktree,1,6.981542,6.981542,6.981542
diagnostic-contention,edit,100,100,3,3,,git:commit-tree,1,10.877708,10.877708,10.877708
diagnostic-contention,edit,100,100,3,3,,git:update-ref,1,38.671708,38.671708,38.671708
diagnostic-contention,edit,100,100,3,3,,lock-held,1,124.065958,124.065958,124.065958
diagnostic-contention,edit,100,100,3,4,,lock-wait,1,0.11,0.11,0.11
diagnostic-contention,edit,100,100,3,4,,git:for-each-ref,2,17.304708,6.251333,11.053375
diagnostic-contention,edit,100,100,3,4,,git:cat-file,4,32.210209,6.611792,8.844
diagnostic-contention,edit,100,100,3,4,,git:ls-tree,1,7.910042,7.910042,7.910042
diagnostic-contention,edit,100,100,3,4,,read,1,31.364542,31.364542,31.364542
diagnostic-contention,edit,100,100,3,4,,encode-before,1,1.261625,1.261625,1.261625
diagnostic-contention,edit,100,100,3,4,,encode-after,1,0.860583,0.860583,0.860583
diagnostic-contention,edit,100,100,3,4,,pins,1,28.714875,28.714875,28.714875
diagnostic-contention,edit,100,100,3,4,,git:hash-object,1,19.966083,19.966083,19.966083
diagnostic-contention,edit,100,100,3,4,,git:mktree,1,7.498875,7.498875,7.498875
diagnostic-contention,edit,100,100,3,4,,git:commit-tree,1,32.761292,32.761292,32.761292
diagnostic-contention,edit,100,100,3,4,,git:update-ref,1,48.051209,48.051209,48.051209
diagnostic-contention,edit,100,100,3,4,,lock-held,1,171.053125,171.053125,171.053125
diagnostic-contention,edit,100,100,3,5,,lock-wait,1,0.056708,0.056708,0.056708
diagnostic-contention,edit,100,100,3,5,,git:for-each-ref,2,17.057583,7.301292,9.756291
diagnostic-contention,edit,100,100,3,5,,git:cat-file,4,27.561292,6.444458,7.193542
diagnostic-contention,edit,100,100,3,5,,git:ls-tree,1,7.263208,7.263208,7.263208
diagnostic-contention,edit,100,100,3,5,,read,1,30.075334,30.075334,30.075334
diagnostic-contention,edit,100,100,3,5,,encode-before,1,0.883958,0.883958,0.883958
diagnostic-contention,edit,100,100,3,5,,encode-after,1,0.504958,0.504958,0.504958
diagnostic-contention,edit,100,100,3,5,,pins,1,24.315833,24.315833,24.315833
diagnostic-contention,edit,100,100,3,5,,git:hash-object,1,13.017625,13.017625,13.017625
diagnostic-contention,edit,100,100,3,5,,git:mktree,1,7.751041,7.751041,7.751041
diagnostic-contention,edit,100,100,3,5,,git:commit-tree,1,9.962125,9.962125,9.962125
diagnostic-contention,edit,100,100,3,5,,git:update-ref,1,37.501667,37.501667,37.501667
diagnostic-contention,edit,100,100,3,5,,lock-held,1,124.431292,124.431292,124.431292
diagnostic-contention,edit,100,100,4,1,,lock-wait,1,1351.173,1351.173,1351.173
diagnostic-contention,edit,100,100,4,1,,git:for-each-ref,2,17.792709000000002,7.415334,10.377375
diagnostic-contention,edit,100,100,4,1,,git:cat-file,4,27.87525,6.5315,7.52
diagnostic-contention,edit,100,100,4,1,,git:ls-tree,1,6.518334,6.518334,6.518334
diagnostic-contention,edit,100,100,4,1,,read,1,29.194667,29.194667,29.194667
diagnostic-contention,edit,100,100,4,1,,encode-before,1,1.004792,1.004792,1.004792
diagnostic-contention,edit,100,100,4,1,,encode-after,1,0.475917,0.475917,0.475917
diagnostic-contention,edit,100,100,4,1,,pins,1,25.611584,25.611584,25.611584
diagnostic-contention,edit,100,100,4,1,,git:hash-object,1,16.131916,16.131916,16.131916
diagnostic-contention,edit,100,100,4,1,,git:mktree,1,8.152125,8.152125,8.152125
diagnostic-contention,edit,100,100,4,1,,git:commit-tree,1,14.024792,14.024792,14.024792
diagnostic-contention,edit,100,100,4,1,,git:update-ref,1,38.23125,38.23125,38.23125
diagnostic-contention,edit,100,100,4,1,,lock-held,1,133.2415,133.2415,133.2415
diagnostic-contention,edit,100,100,4,2,,lock-wait,1,0.060666,0.060666,0.060666
diagnostic-contention,edit,100,100,4,2,,git:for-each-ref,2,16.132917,6.498958,9.633959
diagnostic-contention,edit,100,100,4,2,,git:cat-file,4,26.389249,6.017541,7.092375
diagnostic-contention,edit,100,100,4,2,,git:ls-tree,1,6.86,6.86,6.86
diagnostic-contention,edit,100,100,4,2,,read,1,28.080208,28.080208,28.080208
diagnostic-contention,edit,100,100,4,2,,encode-before,1,1.623291,1.623291,1.623291
diagnostic-contention,edit,100,100,4,2,,encode-after,1,0.547084,0.547084,0.547084
diagnostic-contention,edit,100,100,4,2,,pins,1,23.679916,23.679916,23.679916
diagnostic-contention,edit,100,100,4,2,,git:hash-object,1,12.580666,12.580666,12.580666
diagnostic-contention,edit,100,100,4,2,,git:mktree,1,8.147666,8.147666,8.147666
diagnostic-contention,edit,100,100,4,2,,git:commit-tree,1,11.8595,11.8595,11.8595
diagnostic-contention,edit,100,100,4,2,,git:update-ref,1,37.931708,37.931708,37.931708
diagnostic-contention,edit,100,100,4,2,,lock-held,1,124.900167,124.900167,124.900167
diagnostic-contention,edit,100,100,4,3,,lock-wait,1,0.061709,0.061709,0.061709
diagnostic-contention,edit,100,100,4,3,,git:for-each-ref,2,16.148375,6.30425,9.844125
diagnostic-contention,edit,100,100,4,3,,git:cat-file,4,27.095626,6.029,7.625334
diagnostic-contention,edit,100,100,4,3,,git:ls-tree,1,7.212417,7.212417,7.212417
diagnostic-contention,edit,100,100,4,3,,read,1,28.746292,28.746292,28.746292
diagnostic-contention,edit,100,100,4,3,,encode-before,1,1.224958,1.224958,1.224958
diagnostic-contention,edit,100,100,4,3,,encode-after,1,0.658792,0.658792,0.658792
diagnostic-contention,edit,100,100,4,3,,pins,1,24.294833,24.294833,24.294833
diagnostic-contention,edit,100,100,4,3,,git:hash-object,1,12.36475,12.36475,12.36475
diagnostic-contention,edit,100,100,4,3,,git:mktree,1,6.610417,6.610417,6.610417
diagnostic-contention,edit,100,100,4,3,,git:commit-tree,1,11.155542,11.155542,11.155542
diagnostic-contention,edit,100,100,4,3,,git:update-ref,1,40.246542,40.246542,40.246542
diagnostic-contention,edit,100,100,4,3,,lock-held,1,125.938542,125.938542,125.938542
diagnostic-contention,edit,100,100,4,4,,lock-wait,1,0.05075,0.05075,0.05075
diagnostic-contention,edit,100,100,4,4,,git:for-each-ref,2,15.149375000000001,6.464375,8.685
diagnostic-contention,edit,100,100,4,4,,git:cat-file,4,26.254833,5.710583,7.263291
diagnostic-contention,edit,100,100,4,4,,git:ls-tree,1,6.653333,6.653333,6.653333
diagnostic-contention,edit,100,100,4,4,,read,1,27.851125,27.851125,27.851125
diagnostic-contention,edit,100,100,4,4,,encode-before,1,1.14025,1.14025,1.14025
diagnostic-contention,edit,100,100,4,4,,encode-after,1,0.635541,0.635541,0.635541
diagnostic-contention,edit,100,100,4,4,,pins,1,22.7425,22.7425,22.7425
diagnostic-contention,edit,100,100,4,4,,git:hash-object,1,13.143791,13.143791,13.143791
diagnostic-contention,edit,100,100,4,4,,git:mktree,1,6.140375,6.140375,6.140375
diagnostic-contention,edit,100,100,4,4,,git:commit-tree,1,10.920417,10.920417,10.920417
diagnostic-contention,edit,100,100,4,4,,git:update-ref,1,37.309,37.309,37.309
diagnostic-contention,edit,100,100,4,4,,lock-held,1,120.596167,120.596167,120.596167
diagnostic-contention,edit,100,100,4,5,,lock-wait,1,0.054625,0.054625,0.054625
diagnostic-contention,edit,100,100,4,5,,git:for-each-ref,2,16.544083999999998,7.219792,9.324292
diagnostic-contention,edit,100,100,4,5,,git:cat-file,4,26.226041000000002,6.098041,6.9375
diagnostic-contention,edit,100,100,4,5,,git:ls-tree,1,6.039292,6.039292,6.039292
diagnostic-contention,edit,100,100,4,5,,read,1,28.569125,28.569125,28.569125
diagnostic-contention,edit,100,100,4,5,,encode-before,1,1.261708,1.261708,1.261708
diagnostic-contention,edit,100,100,4,5,,encode-after,1,0.607458,0.607458,0.607458
diagnostic-contention,edit,100,100,4,5,,pins,1,22.854542,22.854542,22.854542
diagnostic-contention,edit,100,100,4,5,,git:hash-object,1,12.593667,12.593667,12.593667
diagnostic-contention,edit,100,100,4,5,,git:mktree,1,7.679709,7.679709,7.679709
diagnostic-contention,edit,100,100,4,5,,git:commit-tree,1,10.850333,10.850333,10.850333
diagnostic-contention,edit,100,100,4,5,,git:update-ref,1,40.171333,40.171333,40.171333
diagnostic-contention,edit,100,100,4,5,,lock-held,1,125.365875,125.365875,125.365875
diagnostic-contention,edit,100,100,1,1,,lock-wait,1,2000.957209,2000.957209,2000.957209
diagnostic-contention,edit,100,100,1,1,,git:for-each-ref,2,17.080625,7.291083,9.789542
diagnostic-contention,edit,100,100,1,1,,git:cat-file,4,26.960584,6.287959,7.078959
diagnostic-contention,edit,100,100,1,1,,git:ls-tree,1,6.007167,6.007167,6.007167
diagnostic-contention,edit,100,100,1,1,,read,1,28.572,28.572,28.572
diagnostic-contention,edit,100,100,1,1,,encode-before,1,0.935792,0.935792,0.935792
diagnostic-contention,edit,100,100,1,1,,encode-after,1,0.502666,0.502666,0.502666
diagnostic-contention,edit,100,100,1,1,,pins,1,23.838459,23.838459,23.838459
diagnostic-contention,edit,100,100,1,1,,git:hash-object,1,13.02775,13.02775,13.02775
diagnostic-contention,edit,100,100,1,1,,git:mktree,1,7.4515,7.4515,7.4515
diagnostic-contention,edit,100,100,1,1,,git:commit-tree,1,11.301125,11.301125,11.301125
diagnostic-contention,edit,100,100,1,1,,git:update-ref,1,38.284959,38.284959,38.284959
diagnostic-contention,edit,100,100,1,1,,lock-held,1,124.380625,124.380625,124.380625
diagnostic-contention,edit,100,100,1,2,,lock-wait,1,0.058709,0.058709,0.058709
diagnostic-contention,edit,100,100,1,2,,git:for-each-ref,2,19.458667,6.460542,12.998125
diagnostic-contention,edit,100,100,1,2,,git:cat-file,4,26.675625000000004,5.751375,7.661042
diagnostic-contention,edit,100,100,1,2,,git:ls-tree,1,6.16925,6.16925,6.16925
diagnostic-contention,edit,100,100,1,2,,read,1,28.194833,28.194833,28.194833
diagnostic-contention,edit,100,100,1,2,,encode-before,1,0.889792,0.889792,0.889792
diagnostic-contention,edit,100,100,1,2,,encode-after,1,0.490292,0.490292,0.490292
diagnostic-contention,edit,100,100,1,2,,pins,1,27.078125,27.078125,27.078125
diagnostic-contention,edit,100,100,1,2,,git:hash-object,1,15.207875,15.207875,15.207875
diagnostic-contention,edit,100,100,1,2,,git:mktree,1,7.355041,7.355041,7.355041
diagnostic-contention,edit,100,100,1,2,,git:commit-tree,1,11.707833,11.707833,11.707833
diagnostic-contention,edit,100,100,1,2,,git:update-ref,1,36.896125,36.896125,36.896125
diagnostic-contention,edit,100,100,1,2,,lock-held,1,128.524125,128.524125,128.524125
diagnostic-contention,edit,100,100,1,3,,lock-wait,1,0.051792,0.051792,0.051792
diagnostic-contention,edit,100,100,1,3,,git:for-each-ref,2,17.700875,6.836292,10.864583
diagnostic-contention,edit,100,100,1,3,,git:cat-file,4,28.639166,6.448333,7.871084
diagnostic-contention,edit,100,100,1,3,,git:ls-tree,1,6.473375,6.473375,6.473375
diagnostic-contention,edit,100,100,1,3,,read,1,28.880667,28.880667,28.880667
diagnostic-contention,edit,100,100,1,3,,encode-before,1,0.845417,0.845417,0.845417
diagnostic-contention,edit,100,100,1,3,,encode-after,1,0.55325,0.55325,0.55325
diagnostic-contention,edit,100,100,1,3,,pins,1,26.561291,26.561291,26.561291
diagnostic-contention,edit,100,100,1,3,,git:hash-object,1,13.223625,13.223625,13.223625
diagnostic-contention,edit,100,100,1,3,,git:mktree,1,7.660458,7.660458,7.660458
diagnostic-contention,edit,100,100,1,3,,git:commit-tree,1,11.096209,11.096209,11.096209
diagnostic-contention,edit,100,100,1,3,,git:update-ref,1,40.684541,40.684541,40.684541
diagnostic-contention,edit,100,100,1,3,,lock-held,1,129.967208,129.967208,129.967208
diagnostic-contention,edit,100,100,1,4,,lock-wait,1,0.050625,0.050625,0.050625
diagnostic-contention,edit,100,100,1,4,,git:for-each-ref,2,16.780751,6.693459,10.087292
diagnostic-contention,edit,100,100,1,4,,git:cat-file,4,26.469835,5.917167,7.205125
diagnostic-contention,edit,100,100,1,4,,git:ls-tree,1,6.749334,6.749334,6.749334
diagnostic-contention,edit,100,100,1,4,,read,1,28.217167,28.217167,28.217167
diagnostic-contention,edit,100,100,1,4,,encode-before,1,0.914833,0.914833,0.914833
diagnostic-contention,edit,100,100,1,4,,encode-after,1,0.56625,0.56625,0.56625
diagnostic-contention,edit,100,100,1,4,,pins,1,24.643333,24.643333,24.643333
diagnostic-contention,edit,100,100,1,4,,git:hash-object,1,13.145958,13.145958,13.145958
diagnostic-contention,edit,100,100,1,4,,git:mktree,1,6.881583,6.881583,6.881583
diagnostic-contention,edit,100,100,1,4,,git:commit-tree,1,10.929542,10.929542,10.929542
diagnostic-contention,edit,100,100,1,4,,git:update-ref,1,40.816667,40.816667,40.816667
diagnostic-contention,edit,100,100,1,4,,lock-held,1,126.472,126.472,126.472
diagnostic-contention,edit,100,100,1,5,,lock-wait,1,0.0565,0.0565,0.0565
diagnostic-contention,edit,100,100,1,5,,git:for-each-ref,2,16.606833,6.997041,9.609792
diagnostic-contention,edit,100,100,1,5,,git:cat-file,4,27.132334999999998,5.998542,7.660917
diagnostic-contention,edit,100,100,1,5,,git:ls-tree,1,5.885833,5.885833,5.885833
diagnostic-contention,edit,100,100,1,5,,read,1,28.422708,28.422708,28.422708
diagnostic-contention,edit,100,100,1,5,,encode-before,1,1.329666,1.329666,1.329666
diagnostic-contention,edit,100,100,1,5,,encode-after,1,0.537667,0.537667,0.537667
diagnostic-contention,edit,100,100,1,5,,pins,1,23.836416,23.836416,23.836416
diagnostic-contention,edit,100,100,1,5,,git:hash-object,1,12.949459,12.949459,12.949459
diagnostic-contention,edit,100,100,1,5,,git:mktree,1,6.689,6.689,6.689
diagnostic-contention,edit,100,100,1,5,,git:commit-tree,1,11.001833,11.001833,11.001833
diagnostic-contention,edit,100,100,1,5,,git:update-ref,1,39.027875,39.027875,39.027875
diagnostic-contention,edit,100,100,1,5,,lock-held,1,124.327083,124.327083,124.327083
diagnostic-distinct,noop,1000,1000,0,1,,lock-wait,1,0.089125,0.089125,0.089125
diagnostic-distinct,noop,1000,1000,0,1,,git:for-each-ref,2,47.966417,6.625458,41.340959
diagnostic-distinct,noop,1000,1000,0,1,,git:cat-file,4,39.40825,6.961333,12.722042
diagnostic-distinct,noop,1000,1000,0,1,,git:ls-tree,1,7.079583,7.079583,7.079583
diagnostic-distinct,noop,1000,1000,0,1,,read,1,46.509792,46.509792,46.509792
diagnostic-distinct,noop,1000,1000,0,1,,encode-before,1,7.445083,7.445083,7.445083
diagnostic-distinct,noop,1000,1000,0,1,,encode-after,1,5.69375,5.69375,5.69375
diagnostic-distinct,noop,1000,1000,0,1,,pins,1,67.004042,67.004042,67.004042
diagnostic-distinct,noop,1000,1000,0,1,,lock-held,1,126.942208,126.942208,126.942208
diagnostic-distinct,edit,1000,1000,0,1,,lock-wait,1,0.086292,0.086292,0.086292
diagnostic-distinct,edit,1000,1000,0,1,,git:for-each-ref,2,46.584624999999996,6.922208,39.662417
diagnostic-distinct,edit,1000,1000,0,1,,git:cat-file,4,39.666833,6.400042,13.099416
diagnostic-distinct,edit,1000,1000,0,1,,git:ls-tree,1,6.849167,6.849167,6.849167
diagnostic-distinct,edit,1000,1000,0,1,,read,1,46.553917,46.553917,46.553917
diagnostic-distinct,edit,1000,1000,0,1,,encode-before,1,7.725916,7.725916,7.725916
diagnostic-distinct,edit,1000,1000,0,1,,encode-after,1,6.434334,6.434334,6.434334
diagnostic-distinct,edit,1000,1000,0,1,,pins,1,64.98925,64.98925,64.98925
diagnostic-distinct,edit,1000,1000,0,1,,git:hash-object,1,35.349917,35.349917,35.349917
diagnostic-distinct,edit,1000,1000,0,1,,git:mktree,1,8.776042,8.776042,8.776042
diagnostic-distinct,edit,1000,1000,0,1,,git:commit-tree,1,12.845833,12.845833,12.845833
diagnostic-distinct,edit,1000,1000,0,1,,git:update-ref,1,311.281625,311.281625,311.281625
diagnostic-distinct,edit,1000,1000,0,1,,lock-held,1,495.237542,495.237542,495.237542
diagnostic-distinct,observe,1000,1000,0,1,,git:for-each-ref,6,110.855374,6.406666,43.204583
diagnostic-distinct,observe,1000,1000,0,1,,git:cat-file,12,118.09062600000001,5.721125,14.652792
diagnostic-distinct,observe,1000,1000,0,1,,git:ls-tree,4,26.600666,6.448,7.05825
diagnostic-distinct,observe,1000,1000,0,1,,lock-wait,2,0.1965,0.065583,0.130917
diagnostic-distinct,observe,1000,1000,0,1,,read,2,91.505042,45.221083,46.283959
diagnostic-distinct,observe,1000,1000,0,1,,encode-before,2,15.410041,7.27875,8.131291
diagnostic-distinct,observe,1000,1000,0,1,,encode-after,2,10.849166,5.369583,5.479583
diagnostic-distinct,observe,1000,1000,0,1,,pins,2,135.533083,63.910458,71.622625
diagnostic-distinct,observe,1000,1000,0,1,,git:hash-object,2,61.124125,30.510875,30.61325
diagnostic-distinct,observe,1000,1000,0,1,,git:mktree,2,14.551334,6.9715,7.579834
diagnostic-distinct,observe,1000,1000,0,1,,git:commit-tree,2,25.378626,11.905042,13.473584
diagnostic-distinct,observe,1000,1000,0,1,,git:update-ref,2,618.344501,305.901417,312.443084
diagnostic-distinct,observe,1000,1000,0,1,,lock-held,2,975.383333,479.627041,495.756292
diagnostic-idle,cycle-all,10,1,0,1,,git:for-each-ref,1,6.690708,6.690708,6.690708
diagnostic-idle,cycle-all,10,1,0,1,,git:cat-file,2,12.129999999999999,5.990667,6.139333
diagnostic-idle,cycle-all,10,1,0,1,,git:ls-tree,1,6.436625,6.436625,6.436625
diagnostic-idle,cycle-all,10,10,0,1,,git:for-each-ref,1,6.445334,6.445334,6.445334
diagnostic-idle,cycle-all,10,10,0,1,,git:cat-file,2,12.666332,6.041041,6.625291
diagnostic-idle,cycle-all,10,10,0,1,,git:ls-tree,1,6.507791,6.507791,6.507791
diagnostic-shared,read,1000,1,0,1,,git:for-each-ref,1,7.177708,7.177708,7.177708
diagnostic-shared,read,1000,1,0,1,,git:cat-file,2,20.8425,6.954375,13.888125
diagnostic-shared,read,1000,1,0,1,,git:ls-tree,1,6.005375,6.005375,6.005375
diagnostic-shared,noop,1000,1,0,1,,lock-wait,1,0.08025,0.08025,0.08025
diagnostic-shared,noop,1000,1,0,1,,git:for-each-ref,2,14.931292000000001,6.724292,8.207
diagnostic-shared,noop,1000,1,0,1,,git:cat-file,4,33.376125,7.337625,10.314875
diagnostic-shared,noop,1000,1,0,1,,git:ls-tree,1,6.28275,6.28275,6.28275
diagnostic-shared,noop,1000,1,0,1,,read,1,47.935583,47.935583,47.935583
diagnostic-shared,noop,1000,1,0,1,,encode-before,1,7.338,7.338,7.338
diagnostic-shared,noop,1000,1,0,1,,encode-after,1,6.234166,6.234166,6.234166
diagnostic-shared,noop,1000,1,0,1,,pins,1,22.459041,22.459041,22.459041
diagnostic-shared,noop,1000,1,0,1,,lock-held,1,84.185041,84.185041,84.185041
diagnostic-shared,edit,1000,1,0,1,,lock-wait,1,0.085583,0.085583,0.085583
diagnostic-shared,edit,1000,1,0,1,,git:for-each-ref,2,14.266583,7.03125,7.235333
diagnostic-shared,edit,1000,1,0,1,,git:cat-file,4,31.157084000000005,6.318792,10.26225
diagnostic-shared,edit,1000,1,0,1,,git:ls-tree,1,6.549542,6.549542,6.549542
diagnostic-shared,edit,1000,1,0,1,,read,1,46.922625,46.922625,46.922625
diagnostic-shared,edit,1000,1,0,1,,encode-before,1,7.530333,7.530333,7.530333
diagnostic-shared,edit,1000,1,0,1,,encode-after,1,5.929667,5.929667,5.929667
diagnostic-shared,edit,1000,1,0,1,,pins,1,22.626167,22.626167,22.626167
diagnostic-shared,edit,1000,1,0,1,,git:hash-object,1,30.929583,30.929583,30.929583
diagnostic-shared,edit,1000,1,0,1,,git:mktree,1,7.702875,7.702875,7.702875
diagnostic-shared,edit,1000,1,0,1,,git:commit-tree,1,10.932,10.932,10.932
diagnostic-shared,edit,1000,1,0,1,,git:update-ref,1,12.304417,12.304417,12.304417
diagnostic-shared,edit,1000,1,0,1,,lock-held,1,145.273834,145.273834,145.273834
diagnostic-shared,observe,1000,1,0,1,,git:for-each-ref,6,41.207583,6.539083,7.317625
diagnostic-shared,observe,1000,1,0,1,,git:cat-file,12,97.41225,6.028625,11.563542
diagnostic-shared,observe,1000,1,0,1,,git:ls-tree,4,27.231583999999998,6.507875,7.256084
diagnostic-shared,observe,1000,1,0,1,,lock-wait,2,0.19120900000000002,0.048167,0.143042
diagnostic-shared,observe,1000,1,0,1,,read,2,92.354667,45.590125,46.764542
diagnostic-shared,observe,1000,1,0,1,,encode-before,2,14.943625,7.321667,7.621958
diagnostic-shared,observe,1000,1,0,1,,encode-after,2,12.620667000000001,6.184,6.436667
diagnostic-shared,observe,1000,1,0,1,,pins,2,43.213291,21.032541,22.18075
diagnostic-shared,observe,1000,1,0,1,,git:hash-object,2,54.553416999999996,27.019,27.534417
diagnostic-shared,observe,1000,1,0,1,,git:mktree,2,14.724625,7.224292,7.500333
diagnostic-shared,observe,1000,1,0,1,,git:commit-tree,2,23.965292,11.366625,12.598667
diagnostic-shared,observe,1000,1,0,1,,git:update-ref,2,22.793126,10.941542,11.851584
diagnostic-shared,observe,1000,1,0,1,,lock-held,2,279.946916,137.96525,141.981666
diagnostic-shared,complete,1000,1,0,1,,git:for-each-ref,11,74.09166499999999,6.121333,7.097666
diagnostic-shared,complete,1000,1,0,1,,git:cat-file,22,174.20412599999997,5.812583,10.642375
diagnostic-shared,complete,1000,1,0,1,,git:ls-tree,7,47.234376,6.05375,7.735667
diagnostic-shared,complete,1000,1,0,1,,lock-wait,4,0.27458299999999997,0.053209,0.08525
diagnostic-shared,complete,1000,1,0,1,,read,4,184.096875,44.39525,47.278709
diagnostic-shared,complete,1000,1,0,1,,encode-before,4,31.559958,7.656958,8.168292
diagnostic-shared,complete,1000,1,0,1,,encode-after,4,24.555584000000003,5.89775,6.405042
diagnostic-shared,complete,1000,1,0,1,,pins,4,86.488208,20.387292,22.732916
diagnostic-shared,complete,1000,1,0,1,,git:hash-object,4,112.712667,26.790167,29.706333
diagnostic-shared,complete,1000,1,0,1,,git:mktree,4,28.498625,6.631792,7.812416
diagnostic-shared,complete,1000,1,0,1,,git:commit-tree,4,48.080915999999995,11.199,12.467333
diagnostic-shared,complete,1000,1,0,1,,git:update-ref,4,45.387665999999996,11.056708,11.616834
diagnostic-shared,complete,1000,1,0,1,,lock-held,4,562.999125,139.184917,142.407417
